ave_fitness	ave_genome_length	ave_tree_depth	ave_tree_nodes	ave_used_codons	best_fitness	gen	invalids	max_genome_length	max_tree_depth	max_tree_nodes	max_used_codons	min_genome_length	min_tree_depth	min_tree_nodes	min_used_codons	random_seed	runtime_error	time_adjust	time_taken	total_inds	total_time	
0.38834521199120187	48.832	6.462	44.024	32.692	0.7293824156465706	0	0	363	10	321	242	3	3	3	2	929644	0	0	1.7958202362060547	500	1.7958202362060547	
0.5608885697088923	51.626	7.084415584415584	42.26623376623377	31.022727272727273	0.7507358884043943	1	193	237	13.0	206.0	158.0	5	3.0	3.0	2.0	929644	0	0	0.22384190559387207	1000	2.0196621417999268	
0.6097367777865937	153.926	10.494594594594595	112.71351351351352	86.65945945945946	0.7590977615785356	2	324	261	19.0	241.0	186.0	41	3.0	3.0	2.0	929644	0	0	0.3442189693450928	1500	2.3638811111450195	
0.5943449616081489	162.928	11.074340527577938	113.98561151079137	87.67146282973621	0.7823852891262548	3	408	264	25.0	253.0	195.0	56	3.0	3.0	2.0	929644	0	0	0.3625509738922119	2000	2.7264320850372314	
0.579589054666874	166.78	11.341304347826087	111.62173913043478	85.80217391304348	0.7860095480825245	4	449	267	22.0	226.0	174.0	53	3.0	3.0	2.0	929644	0	0	0.3422822952270508	2500	3.0687143802642822	
0.5754855698132941	169.988	11.281059063136457	109.18940936863544	83.94501018329939	0.8094479487013726	5	459	249	20.0	222.0	171.0	91	3.0	3.0	2.0	929644	0	0	0.3786602020263672	3000	3.4473745822906494	
0.5634432823948522	174.078	11.710416666666667	113.51041666666667	87.27291666666666	0.8224609922451648	6	480	284	22.0	257.0	198.0	89	3.0	3.0	2.0	929644	0	0	0.3367502689361572	3500	3.7841248512268066	
0.6069120753076443	174.43	11.349896480331262	113.6231884057971	87.36438923395445	0.8241057988012671	7	498	286	21.0	258.0	199.0	91	3.0	3.0	2.0	929644	0	0	0.34160637855529785	4000	4.1257312297821045	
0.5813943765791492	169.918	11.42094455852156	110.75359342915812	85.11498973305955	0.8302834346861401	8	512	252	21.0	217.0	167.0	88	3.0	3.0	2.0	929644	0	0	0.3564162254333496	4500	4.482147455215454	
0.6088227783068543	170.0	11.291242362525459	111.62525458248473	85.81262729124236	0.8310712652725769	9	522	251	22.0	228.0	176.0	89	3.0	3.0	2.0	929644	0	0	0.32729315757751465	5000	4.809440612792969	
0.5972907570958973	170.062	11.304703476482617	110.47034764826176	84.93456032719837	0.8354241573831764	10	534	247	20.0	225.0	173.0	93	3.0	3.0	2.0	929644	0	0	0.4918804168701172	5500	5.301321029663086	
0.5850226150112512	170.266	11.561728395061728	111.39506172839506	85.6604938271605	0.8380490100174594	11	549	256	21.0	246.0	190.0	84	3.0	3.0	2.0	929644	0	0	0.3916199207305908	6000	5.692940950393677	
0.6013140130158678	171.196	11.825102880658436	112.39917695473251	86.50617283950618	0.8457607204662657	12	564	263	20.0	228.0	176.0	91	3.0	3.0	2.0	929644	0	0	0.3515126705169678	6500	6.0444536209106445	
0.6071826452134383	170.566	11.660531697341513	111.51124744376278	85.78527607361963	0.8457607204662657	13	576	254	23.0	215.0	165.0	93	3.0	3.0	2.0	929644	0	0	0.35525941848754883	7000	6.399713039398193	
0.6113075438955848	171.042	12.118367346938776	112.78163265306122	86.87551020408164	0.8469799411307075	14	587	249	24.0	216.0	167.0	93	3.0	3.0	2.0	929644	0	0	0.35082507133483887	7500	6.750538110733032	
0.6014022653107259	170.982	12.126272912423625	111.71690427698574	86.07942973523421	0.8469799411307075	15	597	257	26.0	224.0	173.0	85	3.0	3.0	2.0	929644	0	0	0.3563272953033447	8000	7.106865406036377	
0.5921105073307787	171.122	12.246938775510204	112.16122448979591	86.40816326530613	0.8540018559864753	16	608	257	23.0	238.0	184.0	85	3.0	3.0	2.0	929644	0	0	0.3520939350128174	8500	7.458959341049194	
0.5829672301816915	171.0	12.149590163934427	109.80737704918033	84.5922131147541	0.8540018559864753	17	621	254	22.0	215.0	166.0	88	3.0	3.0	2.0	929644	0	0	0.3238682746887207	9000	7.782827615737915	
0.6205904472816107	171.0	12.33469387755102	113.16938775510204	87.2265306122449	0.8540018559864753	18	632	247	24.0	201.0	155.0	95	3.0	3.0	2.0	929644	0	0	0.34167051315307617	9500	8.124498128890991	
0.5912186028449301	171.0	12.188911704312115	111.70636550308008	86.06981519507187	0.8610342134401308	19	646	245	23.0	218.0	168.0	97	3.0	3.0	2.0	929644	0	0	0.31354689598083496	10000	8.438045024871826	
0.6174699224697565	171.02	12.057851239669422	112.18595041322314	86.44834710743801	0.8610342134401308	20	663	253	21.0	230.0	178.0	89	3.0	3.0	2.0	929644	0	0	0.3482985496520996	10500	8.786343574523926	
0.5899259010319211	171.088	12.120082815734989	110.71014492753623	85.28571428571429	0.8610342134401308	21	681	247	20.0	222.0	171.0	95	3.0	3.0	2.0	929644	0	0	0.32845401763916016	11000	9.114797592163086	
0.6046152576477799	171.1	11.92827868852459	110.67418032786885	85.26229508196721	0.8610342134401308	22	694	245	21.0	231.0	178.0	97	3.0	3.0	2.0	929644	0	0	0.38943934440612793	11500	9.504236936569214	
0.5943915285343635	171.176	12.285132382892057	113.21995926680245	87.23828920570264	0.8610342134401308	23	704	253	23.0	233.0	180.0	89	3.0	3.0	2.0	929644	0	0	0.3431880474090576	12000	9.847424983978271	
0.6100967168691415	171.202	11.916496945010183	109.88187372708758	84.65580448065172	0.8610342134401308	24	714	249	23.0	228.0	176.0	93	3.0	3.0	2.0	929644	0	0	0.348069429397583	12500	10.195494413375854	
0.614308322470024	174.022	11.781632653061225	108.58163265306122	83.64693877551021	0.8610342134401308	25	725	260	21.0	215.0	166.0	93	3.0	3.0	2.0	929644	0	0	0.3542802333831787	13000	10.549774646759033	
0.5820389685898708	174.146	12.190184049079754	111.20245398773007	85.68302658486708	0.8610342134401308	26	737	270	24.0	234.0	181.0	86	3.0	3.0	2.0	929644	0	0	0.3132286071777344	13500	10.863003253936768	
0.5862254352094981	172.342	12.108559498956158	111.47181628392484	85.89144050104385	0.8610342134401308	27	759	307	24.0	228.0	176.0	87	3.0	3.0	2.0	929644	0	0	0.3164830207824707	14000	11.179486274719238	
0.594142074959842	173.168	12.061855670103093	111.70927835051546	86.05567010309278	0.8610342134401308	28	775	303	23.0	229.0	177.0	86	3.0	3.0	2.0	929644	0	0	0.31029224395751953	14500	11.489778518676758	
0.6082272618454182	174.53	12.002083333333333	110.60208333333334	85.19166666666666	0.8610342134401308	29	796	282	23.0	227.0	176.0	88	3.0	3.0	2.0	929644	0	0	0.3141756057739258	15000	11.803954124450684	
0.6143165841440884	174.182	12.12704918032787	113.74590163934427	87.6577868852459	0.8610342134401308	30	809	298	24.0	247.0	191.0	86	3.0	3.0	2.0	929644	0	0	0.38335728645324707	15500	12.18731141090393	
0.6292376382471269	175.026	11.93131313131313	111.35353535353535	85.82626262626263	0.8610342134401308	31	815	332	24.0	286.0	221.0	95	3.0	3.0	2.0	929644	0	0	0.34087705612182617	16000	12.528188467025757	
0.6023092804136664	171.978	12.09349593495935	111.130081300813	85.6219512195122	0.8610342134401308	32	824	285	25.0	238.0	184.0	101	3.0	3.0	2.0	929644	0	0	0.35198140144348145	16500	12.880169868469238	
0.590307866948217	171.928	12.34297520661157	111.69421487603306	86.05785123966942	0.8610342134401308	33	841	269	24.0	233.0	180.0	91	3.0	3.0	2.0	929644	0	0	0.3494257926940918	17000	13.22959566116333	
0.6032985197611542	171.0	12.18840579710145	112.5879917184265	86.75983436853002	0.8610342134401308	34	859	256	24.0	238.0	184.0	86	3.0	3.0	2.0	929644	0	0	0.395383358001709	17500	13.624979019165039	
0.6060734785348668	171.152	12.08811475409836	111.82377049180327	86.17213114754098	0.8610342134401308	35	872	247	23.0	227.0	175.0	96	3.0	3.0	2.0	929644	0	0	0.3402533531188965	18000	13.965232372283936	
0.5942437060340333	171.126	12.18052738336714	112.09533468559837	86.38336713995943	0.8610342134401308	36	880	252	22.0	220.0	170.0	90	3.0	3.0	2.0	929644	0	0	0.358126163482666	18500	14.323358535766602	
0.6036306740133658	171.0	12.028747433264886	111.76180698151951	86.11498973305955	0.8610342134401308	37	894	251	20.0	224.0	173.0	91	3.0	3.0	2.0	929644	0	0	0.34046387672424316	19000	14.663822412490845	
0.5843672787242005	171.01	12.166666666666666	111.87654320987654	86.19341563786008	0.8610342134401308	38	909	252	22.0	209.0	162.0	90	3.0	3.0	2.0	929644	0	0	0.32975029945373535	19500	14.99357271194458	
0.6071694845517892	171.698	11.98155737704918	110.40983606557377	85.07377049180327	0.8610342134401308	39	922	255	22.0	257.0	199.0	95	3.0	3.0	2.0	929644	0	0	0.3017387390136719	20000	15.295311450958252	
0.5931561287693194	172.012	12.2217659137577	111.58521560574948	85.99383983572895	0.8610342134401308	40	936	249	24.0	232.0	179.0	93	3.0	3.0	2.0	929644	0	0	0.3438074588775635	20500	15.639118909835815	
0.6043615120290673	171.474	12.0630081300813	110.98373983739837	85.52642276422765	0.8610342134401308	41	945	256	23.0	232.0	179.0	86	3.0	3.0	2.0	929644	0	0	0.3407723903656006	21000	15.979891300201416	
0.6081737047283794	171.51	12.1799591002045	112.32106339468302	86.53783231083844	0.8610342134401308	42	957	250	21.0	223.0	172.0	92	3.0	3.0	2.0	929644	0	0	0.3551328182220459	21500	16.335024118423462	
0.6181462165651838	172.264	12.168032786885245	112.0389344262295	86.35040983606558	0.8610342134401308	43	970	270	22.0	241.0	186.0	102	3.0	3.0	2.0	929644	0	0	0.3421025276184082	22000	16.67712664604187	
0.6224710233362997	171.75	12.048979591836735	110.56122448979592	85.19795918367348	0.8610342134401308	44	981	267	23.0	217.0	168.0	93	3.0	3.0	2.0	929644	0	0	0.34873151779174805	22500	17.025858163833618	
0.6099159979745722	172.652	11.914460285132384	110.21995926680245	84.92668024439918	0.8610342134401308	45	991	303	20.0	221.0	171.0	90	3.0	3.0	2.0	929644	0	0	0.398608922958374	23000	17.424467086791992	
0.609365880368386	172.578	11.993865030674847	109.92638036809817	84.70347648261759	0.8610342134401308	46	1003	288	24.0	223.0	173.0	87	3.0	3.0	2.0	929644	0	0	0.3496849536895752	23500	17.774152040481567	
0.6079645064611341	172.986	12.144602851323828	112.67820773930754	86.83299389002036	0.8610342134401308	47	1013	275	23.0	218.0	168.0	89	3.0	3.0	2.0	929644	0	0	0.3474433422088623	24000	18.12159538269043	
0.6010547793301241	172.106	12.069958847736626	112.41769547325103	86.63168724279835	0.86155328007064	48	1028	268	22.0	239.0	185.0	87	3.0	3.0	2.0	929644	0	0	0.35206007957458496	24500	18.473655462265015	
0.6174190794843989	171.992	12.16564417177914	111.31492842535788	85.77709611451942	0.86155328007064	49	1040	258	22.0	242.0	187.0	84	3.0	3.0	2.0	929644	0	0	0.35768890380859375	25000	18.83134436607361	
0.5935499931239601	171.38	12.00205338809035	112.01026694045174	86.30595482546201	0.86155328007064	50	1054	256	22.0	228.0	176.0	86	3.0	3.0	2.0	929644	0	0	0.31364893913269043	25500	19.1449933052063	
0.6016003740180139	171.212	12.366053169734151	114.1758691206544	87.9877300613497	0.86155328007064	51	1066	253	23.0	233.0	180.0	89	5.0	10.0	7.0	929644	0	0	0.30515313148498535	26000	19.450146436691284	
0.583425431922098	171.196	12.23360655737705	111.67008196721312	86.0327868852459	0.86155328007064	52	1079	254	22.0	223.0	172.0	88	3.0	3.0	2.0	929644	0	0	0.31743502616882324	26500	19.767581462860107	
0.6087568625375067	172.308	12.03298969072165	111.6659793814433	86.03917525773196	0.86155328007064	53	1095	254	22.0	219.0	169.0	88	3.0	3.0	2.0	929644	0	0	0.3447897434234619	27000	20.11237120628357	
0.5993122929987965	172.984	12.188139059304703	112.06952965235173	86.32515337423312	0.86155328007064	54	1107	264	23.0	232.0	179.0	98	3.0	3.0	2.0	929644	0	0	0.331709623336792	27500	20.44408082962036	
0.6089024663508235	171.718	12.280737704918034	113.94467213114754	87.80737704918033	0.86155328007064	55	1120	244	23.0	232.0	179.0	98	3.0	3.0	2.0	929644	0	0	0.3189363479614258	28000	20.763017177581787	
0.6109068916473721	170.954	11.878350515463918	108.36907216494845	83.49484536082474	0.86155328007064	56	1136	255	22.0	203.0	157.0	87	3.0	3.0	2.0	929644	0	0	0.3468925952911377	28500	21.109909772872925	
0.5977041470019367	171.462	12.198770491803279	111.30122950819673	85.74795081967213	0.86155328007064	57	1149	248	22.0	219.0	169.0	94	3.0	3.0	2.0	929644	0	0	0.3468599319458008	29000	21.456769704818726	
0.59631718830923	171.448	12.490872210953347	112.82352941176471	86.9290060851927	0.86155328007064	58	1157	250	24.0	226.0	174.0	92	3.0	3.0	2.0	929644	0	0	0.38060712814331055	29500	21.837376832962036	
0.5882620014235492	171.322	12.16733870967742	110.23790322580645	84.9475806451613	0.8686016703878278	59	1162	251	22.0	225.0	174.0	91	3.0	3.0	2.0	929644	0	0	0.33701419830322266	30000	22.17439103126526	
0.5870253432275501	171.0	12.184584178498985	111.54969574036511	85.90669371196755	0.8686016703878278	60	1170	249	22.0	240.0	185.0	93	3.0	3.0	2.0	929644	0	0	0.30487799644470215	30500	22.47926902770996	
0.583156060246476	171.158	12.214285714285714	110.94285714285714	85.47551020408163	0.8686016703878278	61	1181	250	27.0	231.0	179.0	92	3.0	3.0	2.0	929644	0	0	0.291903018951416	31000	22.771172046661377	
0.6116868133820585	172.06	12.117647058823529	112.5314401622718	86.71196754563894	0.8686016703878278	62	1189	283	21.0	258.0	200.0	90	3.0	3.0	2.0	929644	0	0	0.32416749000549316	31500	23.09533953666687	
0.6119581869869215	171.158	12.00609756097561	111.77845528455285	86.1260162601626	0.8686016703878278	63	1198	252	24.0	229.0	177.0	90	3.0	3.0	2.0	929644	0	0	0.32871103286743164	32000	23.4240505695343	
0.5880113139162813	171.082	12.17142857142857	111.7530612244898	86.09591836734694	0.8686016703878278	64	1209	255	23.0	219.0	169.0	87	3.0	3.0	2.0	929644	0	0	0.30831265449523926	32500	23.73236322402954	
0.5956037105453647	171.032	12.204123711340205	112.86391752577319	86.96082474226804	0.8686016703878278	65	1225	258	21.0	233.0	180.0	84	6.0	18.0	13.0	929644	0	0	0.3164374828338623	33000	24.048800706863403	
0.5901664001640466	172.038	12.189690721649484	113.25567010309278	87.26804123711341	0.8686016703878278	66	1241	289	24.0	261.0	202.0	90	3.0	3.0	2.0	929644	0	0	0.32398462295532227	33500	24.372785329818726	
0.6031264137731696	173.53	12.235173824130879	112.61349693251533	86.75869120654397	0.8686016703878278	67	1253	323	23.0	334.0	258.0	89	6.0	11.0	8.0	929644	0	0	0.3184332847595215	34000	24.691218614578247	
0.6000919851168549	172.058	12.079754601226995	111.56850715746421	85.96319018404908	0.8686016703878278	68	1265	258	21.0	224.0	173.0	89	3.0	3.0	2.0	929644	0	0	0.30744051933288574	34500	24.998659133911133	
0.5951218880199741	172.224	12.168016194331983	111.97165991902834	86.2672064777328	0.8686016703878278	69	1272	301	23.0	285.0	220.0	87	3.0	3.0	2.0	929644	0	0	0.37064528465270996	35000	25.369304418563843	
0.5947932784816776	171.18	12.365702479338843	112.73140495867769	86.87190082644628	0.8686016703878278	70	1289	252	23.0	233.0	180.0	93	6.0	11.0	8.0	929644	0	0	0.31535816192626953	35500	25.684662580490112	
0.6000340211789683	171.58	12.208163265306123	111.73061224489796	86.09591836734694	0.8686016703878278	71	1300	250	24.0	222.0	171.0	94	3.0	3.0	2.0	929644	0	0	0.31737685203552246	36000	26.002039432525635	
0.6002118991460842	172.562	12.109756097560975	111.45731707317073	85.8739837398374	0.8686016703878278	72	1309	285	20.0	235.0	182.0	89	3.0	3.0	2.0	929644	0	0	0.3040785789489746	36500	26.30611801147461	
0.6057514692650245	172.424	12.256673511293634	113.72484599589322	87.63244353182752	0.8686016703878278	73	1323	250	23.0	233.0	180.0	92	5.0	10.0	7.0	929644	0	0	0.31702327728271484	37000	26.623141288757324	
0.6075406351269275	172.004	12.128834355828221	113.40899795501022	87.40081799591002	0.8686016703878278	74	1335	257	22.0	234.0	181.0	85	3.0	3.0	2.0	929644	0	0	0.2960026264190674	37500	26.91914391517639	
0.6108748756435306	173.038	12.167689161554192	112.21063394683027	86.47648261758691	0.8686016703878278	75	1347	313	22.0	227.0	175.0	101	3.0	3.0	2.0	929644	0	0	0.2938499450683594	38000	27.21299386024475	
0.5922569709023423	172.238	12.030549898167006	109.13849287169043	84.06924643584522	0.8686016703878278	76	1357	292	21.0	240.0	186.0	90	3.0	3.0	2.0	929644	0	0	0.3011810779571533	38500	27.514174938201904	
0.5890986098730178	173.916	12.250517598343686	111.9896480331263	86.28571428571429	0.8686016703878278	77	1375	332	21.0	296.0	229.0	88	3.0	3.0	2.0	929644	0	0	0.31020069122314453	39000	27.82437562942505	
0.6002948846887268	174.804	12.103658536585366	112.54268292682927	86.70325203252033	0.8686016703878278	78	1384	303	26.0	284.0	220.0	92	3.0	3.0	2.0	929644	0	0	0.3148941993713379	39500	28.139269828796387	
0.6058588758630766	178.04	12.057259713701432	112.66871165644172	86.83026584867076	0.8686016703878278	79	1396	321	26.0	293.0	227.0	96	3.0	3.0	2.0	929644	0	0	0.31203174591064453	40000	28.45130157470703	
0.5912696038843066	179.174	12.206185567010309	114.31134020618556	88.12577319587629	0.8686016703878278	80	1412	324	21.0	322.0	249.0	85	3.0	3.0	2.0	929644	0	0	0.30024194717407227	40500	28.751543521881104	
0.6000805269908769	179.576	12.012269938650308	112.68711656441718	86.85480572597137	0.8686016703878278	81	1424	336	22.0	314.0	243.0	87	3.0	3.0	2.0	929644	0	0	0.3061368465423584	41000	29.057680368423462	
0.6243953988138558	183.214	12.02464065708419	113.5482546201232	87.53593429158111	0.8756621909727487	82	1438	334	25.0	260.0	201.0	93	3.0	3.0	2.0	929644	0	0	0.3634674549102783	41500	29.42114782333374	
0.5971401088861835	182.834	12.25562372188139	116.21676891615542	89.58486707566462	0.8756621909727487	83	1450	355	24.0	306.0	238.0	92	3.0	3.0	2.0	929644	0	0	0.3201146125793457	42000	29.741262435913086	
0.6075917549425015	175.274	12.277551020408163	115.16938775510204	88.76530612244898	0.8756621909727487	84	1461	297	20.0	292.0	226.0	101	3.0	3.0	2.0	929644	0	0	0.3217175006866455	42500	30.06297993659973	
0.5985679676743533	171.858	12.139959432048682	111.22312373225152	85.71602434077079	0.8756621909727487	85	1469	249	23.0	210.0	162.0	93	3.0	3.0	2.0	929644	0	0	0.3132619857788086	43000	30.37624192237854	
0.5990023903357463	171.818	12.168032786885245	112.11065573770492	86.3811475409836	0.8756621909727487	86	1482	295	22.0	287.0	222.0	84	3.0	3.0	2.0	929644	0	0	0.31452107429504395	43500	30.690762996673584	
0.5846335596084209	171.728	12.2165991902834	111.26113360323886	85.71862348178138	0.8756621909727487	87	1489	284	23.0	275.0	213.0	91	3.0	3.0	2.0	929644	0	0	0.301771879196167	44000	30.99253487586975	
0.5995220694427221	171.306	12.12678936605317	111.93251533742331	86.24130879345603	0.8756621909727487	88	1501	256	22.0	216.0	167.0	93	3.0	3.0	2.0	929644	0	0	0.2996811866760254	44500	31.292216062545776	
0.5961178828789037	172.052	12.159183673469387	111.68367346938776	86.03673469387755	0.8756621909727487	89	1512	262	22.0	231.0	179.0	91	3.0	3.0	2.0	929644	0	0	0.31238222122192383	45000	31.6045982837677	
0.6034799551960497	171.294	11.989733059548255	110.42299794661191	85.06776180698152	0.8756621909727487	90	1526	257	21.0	233.0	180.0	85	3.0	3.0	2.0	929644	0	0	0.3121469020843506	45500	31.91674518585205	
0.6068838750950661	172.016	12.10183299389002	111.32993890020367	85.76374745417515	0.8756621909727487	91	1536	275	22.0	225.0	175.0	91	3.0	3.0	2.0	929644	0	0	0.31175756454467773	46000	32.22850275039673	
0.5988854728878839	173.03	12.077868852459016	111.29508196721312	85.76639344262296	0.8756621909727487	92	1549	278	21.0	225.0	174.0	88	3.0	3.0	2.0	929644	0	0	0.3022775650024414	46500	32.53078031539917	
0.6344343360540629	173.15	12.018480492813142	112.13141683778234	86.42299794661191	0.8756621909727487	93	1563	261	23.0	226.0	174.0	99	3.0	3.0	2.0	929644	0	0	0.3792281150817871	47000	32.91000843048096	
0.610914740745765	174.19	11.97107438016529	111.39462809917356	85.85537190082644	0.8756621909727487	94	1580	272	24.0	215.0	166.0	94	3.0	3.0	2.0	929644	0	0	0.3214278221130371	47500	33.231436252593994	
0.589262933977246	176.698	12.193877551020408	112.31632653061224	86.5734693877551	0.8756621909727487	95	1591	317	22.0	301.0	234.0	91	3.0	3.0	2.0	929644	0	0	0.29503560066223145	48000	33.526471853256226	
0.6096683368021326	175.412	12.07361963190184	112.44171779141104	86.66871165644172	0.8756621909727487	96	1603	297	23.0	248.0	192.0	95	3.0	3.0	2.0	929644	0	0	0.29935407638549805	48500	33.825825929641724	
0.5971064470614447	176.968	11.975757575757576	109.82020202020202	84.62828282828283	0.8756621909727487	97	1609	302	21.0	229.0	177.0	89	3.0	3.0	2.0	929644	0	0	0.31530070304870605	49000	34.14112663269043	
0.6136145737645132	178.606	12.197154471544716	112.96747967479675	87.07113821138212	0.8756621909727487	98	1618	309	25.0	227.0	176.0	98	3.0	3.0	2.0	929644	0	0	0.30719447135925293	49500	34.44832110404968	
0.614474602417148	180.782	12.084677419354838	111.8850806451613	86.2258064516129	0.8756621909727487	99	1623	305	22.0	226.0	175.0	88	3.0	3.0	2.0	929644	0	0	0.30295372009277344	50000	34.751274824142456	
0.6032856102409074	183.61	12.081632653061224	111.66734693877551	86.08163265306122	0.8756621909727487	100	1634	319	25.0	263.0	204.0	93	3.0	3.0	2.0	929644	0	0	0.3220076560974121	50500	35.07328248023987	
0.6393605739290409	187.218	11.853360488798371	111.26476578411405	85.76578411405295	0.8756621909727487	101	1644	297	22.0	233.0	180.0	91	3.0	3.0	2.0	929644	0	0	0.31158447265625	51000	35.38486695289612	
0.605800986286877	186.922	12.259109311740891	114.75708502024291	88.46558704453442	0.8756621909727487	102	1651	311	23.0	255.0	197.0	86	3.0	3.0	2.0	929644	0	0	0.3048129081726074	51500	35.689679861068726	
0.6155983244740729	186.326	11.991919191919193	111.22020202020202	85.72727272727273	0.8756621909727487	103	1657	315	23.0	277.0	215.0	86	3.0	3.0	2.0	929644	0	0	0.3097057342529297	52000	35.999385595321655	
0.6273995884475424	185.864	12.085192697768763	113.2738336713996	87.32860040567951	0.8756621909727487	104	1665	291	24.0	245.0	190.0	99	3.0	3.0	2.0	929644	0	0	0.31339478492736816	52500	36.31278038024902	
0.6179120673452829	186.462	12.087576374745417	113.87372708757637	87.80040733197556	0.8756621909727487	105	1675	313	28.0	264.0	204.0	93	3.0	3.0	2.0	929644	0	0	0.3130226135253906	53000	36.625802993774414	
0.6081949946976933	185.956	12.044897959183674	111.91428571428571	86.2591836734694	0.8756621909727487	106	1686	309	22.0	236.0	183.0	97	3.0	3.0	2.0	929644	0	0	0.35647082328796387	53500	36.98227381706238	
0.6049795617465098	184.068	12.117171717171717	113.7959595959596	87.71919191919191	0.8756621909727487	107	1692	306	22.0	236.0	183.0	91	3.0	3.0	2.0	929644	0	0	0.3059241771697998	54000	37.28819799423218	
0.6177712203551019	183.918	12.249496981891348	114.01207243460765	87.87525150905432	0.8756621909727487	108	1696	321	25.0	255.0	198.0	94	3.0	3.0	2.0	929644	0	0	0.3084869384765625	54500	37.59668493270874	
0.6058937695273129	187.724	12.018255578093306	111.88843813387425	86.24949290060852	0.8756621909727487	109	1704	327	22.0	266.0	206.0	86	3.0	3.0	2.0	929644	0	0	0.30801963806152344	55000	37.904704570770264	
0.6261959327347044	186.36	12.090725806451612	114.39516129032258	88.19556451612904	0.8756621909727487	110	1709	309	24.0	291.0	225.0	95	3.0	3.0	2.0	929644	0	0	0.3102600574493408	55500	38.214964628219604	
0.6147132712963767	186.988	12.319018404907975	115.52351738241309	89.02658486707567	0.8756621909727487	111	1721	333	25.0	230.0	178.0	93	3.0	3.0	2.0	929644	0	0	0.3190419673919678	56000	38.53400659561157	
0.5989899581745803	187.922	12.432377049180328	115.65368852459017	89.14754098360656	0.8756621909727487	112	1734	309	21.0	241.0	186.0	93	3.0	3.0	2.0	929644	0	0	0.32013368606567383	56500	38.854140281677246	
0.6302536560103014	190.49	11.981707317073171	113.77845528455285	87.72154471544715	0.8756621909727487	113	1743	310	23.0	258.0	200.0	85	5.0	10.0	7.0	929644	0	0	0.3073558807373047	57000	39.16149616241455	
0.6252699272875464	192.738	12.016227180527384	113.9634888438134	87.868154158215	0.8756621909727487	114	1751	332	23.0	253.0	195.0	95	3.0	3.0	2.0	929644	0	0	0.3425259590148926	57500	39.50402212142944	
0.6187040178719151	194.37	11.869387755102041	112.9673469387755	87.08775510204082	0.8756621909727487	115	1762	309	24.0	291.0	225.0	99	3.0	3.0	2.0	929644	0	0	0.3051633834838867	58000	39.80918550491333	
0.6123185588116571	193.052	12.321862348178138	116.59311740890688	89.9251012145749	0.8756621909727487	116	1769	301	24.0	265.0	205.0	89	7.0	19.0	14.0	929644	0	0	0.3183412551879883	58500	40.12752676010132	
0.6349978318475926	189.908	11.973684210526315	114.75708502024291	88.47570850202429	0.8756621909727487	117	1776	301	23.0	232.0	179.0	93	3.0	3.0	2.0	929644	0	0	0.3737678527832031	59000	40.50129461288452	
0.6090907277390041	188.928	12.20204081632653	114.37959183673469	88.18775510204081	0.8756621909727487	118	1787	323	22.0	345.0	267.0	93	3.0	3.0	2.0	929644	0	0	0.3157060146331787	59500	40.8170006275177	
0.6079337936488157	188.182	12.25254582484725	113.97148676171079	87.89613034623218	0.8756621909727487	119	1797	324	28.0	253.0	196.0	95	3.0	3.0	2.0	929644	0	0	0.32541418075561523	60000	41.142414808273315	
0.6173370632107867	188.13	12.14867617107943	113.75356415478615	87.70468431771894	0.8832014847891801	120	1807	303	23.0	257.0	199.0	99	3.0	3.0	2.0	929644	0	0	0.28890514373779297	60500	41.43131995201111	
0.6034443669033593	186.108	12.2119341563786	113.04732510288066	87.15020576131687	0.8832014847891801	121	1822	333	23.0	295.0	228.0	86	3.0	3.0	2.0	929644	0	0	0.32424092292785645	61000	41.755560874938965	
0.591676927924144	179.462	12.120654396728016	111.27402862985686	85.73006134969326	0.8832014847891801	122	1834	361	26.0	300.0	233.0	92	3.0	3.0	2.0	929644	0	0	0.3361694812774658	61500	42.09173035621643	
0.6256985088184595	175.754	12.04149377593361	113.00414937759336	87.10580912863071	0.8832014847891801	123	1853	335	22.0	226.0	175.0	91	3.0	3.0	2.0	929644	0	0	0.3253636360168457	62000	42.417093992233276	
0.6112490491988913	176.92	11.985626283367557	111.83162217659138	86.16427104722793	0.8832014847891801	124	1867	379	21.0	234.0	181.0	87	3.0	3.0	2.0	929644	0	0	0.30438899993896484	62500	42.72148299217224	
0.6167637998617715	178.43	11.952674897119342	111.90946502057614	86.23251028806584	0.8832014847891801	125	1882	392	21.0	265.0	206.0	95	3.0	3.0	2.0	929644	0	0	0.330852746963501	63000	43.05233573913574	
0.6179533826353134	179.78	12.155419222903886	112.20449897750511	86.4683026584867	0.8832014847891801	126	1894	360	23.0	298.0	231.0	89	3.0	3.0	2.0	929644	0	0	0.31163740158081055	63500	43.36397314071655	
0.6206822460809841	177.364	11.93061224489796	110.31836734693877	85.02244897959184	0.8832014847891801	127	1905	391	21.0	293.0	227.0	90	3.0	3.0	2.0	929644	0	0	0.31913256645202637	64000	43.68310570716858	
0.6023058304078778	178.372	12.04655870445344	111.25910931174089	85.75506072874494	0.8832014847891801	128	1912	382	25.0	243.0	188.0	93	3.0	3.0	2.0	929644	0	0	0.30693578720092773	64500	43.99004149436951	
0.599837841914984	175.452	12.322448979591837	111.41224489795918	85.85510204081632	0.8902901685053664	129	1923	332	24.0	235.0	182.0	84	3.0	3.0	2.0	929644	0	0	0.3011629581451416	65000	44.29120445251465	
0.6231721678276272	176.222	11.979508196721312	111.62295081967213	86.0389344262295	0.8902901685053664	130	1936	366	22.0	222.0	171.0	103	3.0	3.0	2.0	929644	0	0	0.35846853256225586	65500	44.649672985076904	
0.6260444377551576	171.678	12.137014314928425	113.37832310838446	87.3517382413088	0.8902901685053664	131	1948	252	21.0	236.0	183.0	90	3.0	3.0	2.0	929644	0	0	0.2986288070678711	66000	44.948301792144775	
0.6080095414480033	171.0	11.863265306122448	109.2734693877551	84.17755102040816	0.8902901685053664	132	1959	242	21.0	228.0	176.0	100	3.0	3.0	2.0	929644	0	0	0.2982048988342285	66500	45.246506690979004	
0.6028978795087684	171.0	12.181818181818182	111.25454545454545	85.72323232323232	0.8902901685053664	133	1965	256	23.0	211.0	163.0	86	3.0	3.0	2.0	929644	0	0	0.3041400909423828	67000	45.55064678192139	
0.6124496753880182	170.88	12.181632653061225	111.25510204081633	85.7204081632653	0.8902901685053664	134	1976	253	24.0	219.0	169.0	89	3.0	3.0	2.0	929644	0	0	0.3237597942352295	67500	45.874406576156616	
0.6367854203158603	171.108	12.022448979591836	111.48163265306123	85.88775510204081	0.8902901685053664	135	1987	256	20.0	234.0	181.0	86	3.0	3.0	2.0	929644	0	0	0.3248262405395508	68000	46.19923281669617	
0.6369753280568959	171.018	12.13347022587269	114.19507186858316	88.02053388090349	0.8973950493007391	136	2001	252	22.0	230.0	178.0	90	3.0	3.0	2.0	929644	0	0	0.31386303901672363	68500	46.51309585571289	
0.6057618119981311	171.228	12.155419222903886	111.60122699386503	85.9918200408998	0.8973950493007391	137	2013	256	23.0	218.0	169.0	86	3.0	3.0	2.0	929644	0	0	0.3146977424621582	69000	46.82779359817505	
0.6235416783209778	171.09	12.109053497942387	112.16872427983539	86.4320987654321	0.8973950493007391	138	2028	247	21.0	218.0	168.0	95	3.0	3.0	2.0	929644	0	0	0.33034539222717285	69500	47.15813899040222	
0.6002526706144602	171.12	12.170731707317072	110.72764227642277	85.29878048780488	0.8973950493007391	139	2037	254	24.0	237.0	183.0	88	3.0	3.0	2.0	929644	0	0	0.3060002326965332	70000	47.464139223098755	
0.6098693922256894	171.836	12.004073319755602	111.22606924643584	85.70468431771894	0.8973950493007391	140	2047	258	23.0	214.0	165.0	84	3.0	3.0	2.0	929644	0	0	0.30390167236328125	70500	47.768040895462036	
0.6075659112457205	173.864	12.127572016460906	113.3477366255144	87.35185185185185	0.8973950493007391	141	2062	271	23.0	261.0	202.0	91	3.0	3.0	2.0	929644	0	0	0.3697352409362793	71000	48.137776136398315	
0.6277020735782276	172.544	12.208588957055214	112.83640081799591	86.96319018404908	0.8973950493007391	142	2074	292	21.0	250.0	193.0	94	3.0	3.0	2.0	929644	0	0	0.30018115043640137	71500	48.43795728683472	
0.593080716400851	174.18	12.2719836400818	113.1799591002045	87.21063394683027	0.8973950493007391	143	2086	276	22.0	265.0	205.0	91	3.0	3.0	2.0	929644	0	0	0.3044917583465576	72000	48.742449045181274	
0.6320644096242836	171.556	12.010162601626016	111.70731707317073	86.07317073170732	0.8973950493007391	144	2095	275	21.0	229.0	177.0	90	3.0	3.0	2.0	929644	0	0	0.31832003593444824	72500	49.06076908111572	
0.622956558317143	171.474	12.136363636363637	112.03719008264463	86.34504132231405	0.8973950493007391	145	2112	252	26.0	253.0	195.0	91	3.0	3.0	2.0	929644	0	0	0.30340576171875	73000	49.36417484283447	
0.6233310152777446	171.32	12.169072164948453	111.92577319587629	86.26185567010309	0.8973950493007391	146	2128	252	22.0	209.0	162.0	90	3.0	3.0	2.0	929644	0	0	0.3029484748840332	73500	49.667123317718506	
0.6060983529414019	171.56	12.225409836065573	112.125	86.39754098360656	0.8973950493007391	147	2141	309	23.0	223.0	172.0	94	3.0	3.0	2.0	929644	0	0	0.3117642402648926	74000	49.9788875579834	
0.6394368268257092	171.302	12.122448979591837	112.5469387755102	86.71836734693878	0.8973950493007391	148	2152	254	19.0	229.0	177.0	88	6.0	15.0	11.0	929644	0	0	0.31698131561279297	74500	50.29586887359619	
0.608052389967723	171.054	12.25562372188139	113.1963190184049	87.24744376278119	0.8973950493007391	149	2164	252	22.0	223.0	172.0	90	3.0	3.0	2.0	929644	0	0	0.3332505226135254	75000	50.62911939620972	
0.6343973128198444	171.308	12.034693877551021	111.43469387755103	85.88571428571429	0.8973950493007391	150	2175	251	26.0	228.0	176.0	91	3.0	3.0	2.0	929644	0	0	0.3150756359100342	75500	50.94419503211975	
